offset_pAkt308_free,kf402,kf1d,kf2d,kf102,kf202,kf302,kf201,scale_pRPS6K_free,scale_pRecTot_free,kf10,kf12,kf17_sideeffect,kf106,kf1c,kf16,kf2c,kf3,kf111,kf207,kf103,kf109,noise_additive,kf203,kf403,kf7,kf108,kf11,kf208,kf206,scale_pERK_free,kf2,kf404,kf4,kf107,kf15,kf301,kf304,kf14,kf1,kf6,offset_pERK_free,kf104,kf112,kf110,kf17_nodrug,kf204,kf5,noise_multiplicative,offset_pRecTot_free,kf9,kf101,kf401,kf1b,kf303,kf105,kf2b,offset_pRPS6K_free,scale_pAkt308_free,kf8
3008.2044309540242,-3.155733545371249,1.3377313761822736,-1.9687732637416575,-5.894550671014964,4.37174334709745,-0.7590481430913407,3.180038689345587,1.0978775372164176,0.5729522895158974,4.263996965562717,-3.074258744051216,-8.97372472107555,0.09848432688127601,2.1438981272143214,-8.365678644234848,5.7054147245945614,-2.665026957897179,-2.445748285121569,-6.5067132007168595,-0.35279428282012265,-4.69314611731996,562.450835947861,-5.614198143429677,-3.282532433162493,-3.677933871391627,-3.382080533634785,-7.164253232751402,-4.832237633656294,-6.124751108606304,0.6644046463671324,5.259921096775009,-6.56175657570786,-3.68102484507837,-1.2115898280660027,-7.212015812664744,-2.7639343550777595,-6.6440107061801825,0.5664475488994122,-0.07953051866765498,3.8857798487497095,7477.378494704155,4.623356583732753,-2.289559432703265,6.682990120464023,-7.63730236314995,-0.19992402654510694,-0.8963768075794571,0.16380664202960135,6969.3721778482095,-0.21312073663435682,0.6280424628701503,-3.030923265750378,-2.9335907049033842,3.3261362262083227,0.9472552829418148,-0.4702466776052979,16313.123819483622,0.9023136040934647,-4.955099815682287
3308.817306613302,-2.707609033293769,2.148534611095848,-2.9459134625543477,-7.417492884736514,3.8785180299516724,-0.0545966576104349,2.7166521817205544,0.8068664769452215,0.8367731538420395,3.513820316987899,-3.3836178407944906,-9.092575996408293,0.2891281809774531,3.52503999990834,-7.8546778449760515,5.0288701338482245,-2.8187018899421235,-2.6949550552472217,-5.806019903278792,0.974332078912185,-4.0873830428846105,720.7372837280005,-5.363261350456322,-3.407961584372176,-3.722252883229033,-2.825577028658738,-7.685021986602161,-5.145547187017941,-5.833418367768919,0.7338836855605497,5.503023375844759,-6.997200333533376,-2.944163767443101,-0.233156046900426,-6.443076376224801,-2.219771101811738,-5.172289458174167,0.44013132501634206,0.5729500771160438,4.882026378041424,5663.134734617919,4.503827227217477,-2.865450295666954,5.806713123887204,-7.578571097828022,-0.12332424041350853,0.2729099482781287,0.15633400218137147,5235.057240940794,1.1717280663763956,0.09008394092542328,-2.395252012078475,-3.745749367554205,5.079956078152435,0.052826745269713656,-0.9154757098285135,12398.597259880818,0.8426495681760869,-3.634495216898653
2128.858598894393,-3.198458092328455,0.41212113480885676,-3.102249651493447,-6.870506133458886,4.659312822282464,-0.5346554089480656,3.0233777545924747,0.850396262041586,0.5522511993957204,4.146759125947963,-4.243012540446513,-9.353661530646287,-0.15340281679143294,2.9514412813200765,-7.024102998596453,4.2469869540958,-2.7662680635193198,-2.5884119899388347,-6.234228998405148,-0.7020754694036458,-4.131922910411997,714.2080469461661,-6.416214494740251,-3.5252438865245534,-2.755648639569242,-2.9679475439479863,-7.078087482659715,-4.3406239711508725,-6.848554312463649,1.1237380471844156,3.8254867979108087,-6.338487319708265,-3.0652238267154854,-1.1605073098219676,-6.414520603040492,-2.845186986837358,-5.176275265961367,0.5661132191620951,0.1501545041187311,3.5726840949022716,6921.366614565044,3.057566938603316,-2.4818217921730943,6.564467960145594,-7.587132494642724,0.26395941697877023,0.2633251096499786,0.16201342528209095,7528.491579412214,1.0883373148484898,-0.6877850607286039,-2.9933243025569913,-2.6177548269946485,4.723195139331162,1.7576443159398232,-0.4034560006262612,15455.936573510073,0.7835204686643016,-4.40929688458731
4586.847382690439,-3.8357605768710528,2.1263298597039295,-3.0488678694525313,-5.941648593583636,4.6426254512975085,-0.7651083454358821,3.3891046105608256,0.825148441782817,0.7322094145728703,3.445413407600595,-3.2083183989315365,-8.766590705410277,-0.4338448092366088,3.549842038856207,-8.536892090737451,5.218369356929343,-2.282468610611433,-2.338005992685126,-5.551031400123425,0.7962420369998502,-5.030267846550043,862.1193874375351,-4.664502419371678,-3.1470549794708025,-3.2971608122609086,-4.305236662018058,-7.717791738321399,-4.730115481385692,-5.515755513245895,1.1921230778633634,4.0730306147838204,-6.851993781378698,-3.8973701368053426,0.10988587447088735,-6.91129534951912,-2.5499178424364355,-4.722270880913001,1.992568257648857,1.4153153817304076,3.6848371148237486,5631.365168182374,3.485294084172343,-2.7002216345544436,7.134429193254567,-7.358192373782325,0.875964009955111,-0.91781779542772,0.15272527788639362,990.3694263384646,0.48072056525300183,-0.17085737018632546,-3.963993219449114,-3.802781878403167,3.6177068788660693,1.187203687594242,-0.17137853745860748,17454.020160974826,0.8385343764169187,-4.737714233737107
1818.4974155617851,-3.8406858199808114,1.7208388540231523,-2.8238304368032634,-5.908275228752977,3.46592653408463,-1.2114976378038935,2.013828526364272,1.1486001022406527,0.48139388752887113,3.964343677738109,-3.439287812175087,-9.44266837856463,1.251218564171873,2.9354509491624263,-6.924585377109226,4.082223105617616,-2.580704238361374,-2.070821648391736,-7.014743047127468,0.7096495270118723,-4.013159194106367,1322.445329262893,-6.243375614152598,-3.686787982863749,-2.784262521415484,-3.3556216016650566,-7.397908262523558,-4.687648065397405,-6.925894300026406,0.8746856296984515,4.141351585365434,-7.333297659027995,-4.167176489015436,-1.599654042986274,-7.136685022708428,-3.80255971241092,-6.4224606555209425,0.6610108788321232,-0.09849132515325304,3.725133652281825,6509.082562182189,3.220771000194882,-2.7527846402833944,6.24664756870432,-7.4050509845726,0.8589991015738224,-0.9354915490886085,0.1797775472635481,6681.172934345091,0.6377572202696337,-0.5291556278435684,-3.8745552751813377,-3.566852587426966,4.627924727006669,1.4669373431875719,-0.7810139914555182,21723.469695080734,0.7196149686942122,-5.509935611203423
3611.7572802149944,-3.239734847670132,1.7534785874831464,-3.048794415240237,-5.797006788118615,4.608180962057859,-0.6283631160763818,2.159763962576044,1.0827359512081371,0.6443619445912316,3.7003801230401505,-3.3622106461016017,-9.541413331095681,0.058961110569303705,3.6741788524509347,-7.427517174041401,5.260562899129763,-2.1124688653058583,-2.555645507383055,-5.766154955075503,0.4823630432138014,-4.263052636852826,529.6725941519131,-5.386816488455006,-3.5790485275876405,-3.7868029924611553,-3.234748024813939,-7.359627808951419,-5.195834549685757,-6.010520820384091,0.6874598744300932,4.005875753231808,-6.9993615649215615,-3.6864833721335817,-0.2237137314583628,-6.648500590445217,-2.5994854287238045,-6.518701762543588,1.5434180847331715,1.0920341653299739,3.2814488063242306,5659.069245964381,4.480709494651109,-3.0404317000180865,7.087432053989625,-7.7866323066566165,-0.305624126113178,-0.31127970956814877,0.19067911619925307,2189.01607193238,0.09199462904827661,-0.7938669957997126,-3.471677494609583,-3.4211527232438987,4.742894547382805,0.24339961403029747,-0.35144584676522994,16646.60572544685,1.104652531621087,-4.077641886533756
1239.1466199358488,-3.613786135737626,1.6757233938005671,-2.4408424931637493,-5.890919140612552,3.8990999463868556,-0.43577263625243373,2.715289561768428,0.9737524962263195,0.5958548144163365,4.224454535924346,-3.7170145114251696,-9.368624272084864,0.5918840616794346,2.6416083573990714,-8.759683607871983,4.949852882917739,-2.839362308262344,-2.4727650276232,-5.84527129570113,-0.033083200353023604,-5.007729985787671,922.1345745515969,-5.340792256776597,-3.214202794469091,-3.4150386472292618,-2.870155172443979,-7.190330948174001,-4.327005165118384,-6.224696531155871,0.6947150086977415,4.255530227142499,-6.394800870387919,-3.816982193439145,-1.2932786779179386,-6.786027362743807,-2.5543927060204985,-6.210507385777902,0.9389100227402994,0.17666993987772764,3.5630793696071863,6782.401406508045,4.306877894615911,-2.803581010472203,6.870665212997307,-7.58456187594512,0.32051868256284227,-0.322975328592081,0.12380671073249305,6375.095528756443,1.0312758458123261,-0.13537824548185223,-3.3435055665370728,-2.5406858377208104,4.978452458004625,1.095338540654547,-1.1246469308396505,17875.455157610526,1.195363445142506,-4.469767465975333
3500.9175990377735,-3.261021093423996,1.1903235989578942,-2.2461875126912325,-6.508478349065337,4.383364795053752,-0.15739058231788816,3.3923586325896684,1.033888557676254,0.6547479489027704,3.98003771769913,-4.361222360960448,-8.649494539977148,0.13556163918831665,3.9204567146353213,-7.518064762017318,5.599392624724811,-2.188799093700833,-2.5896363300244953,-6.864825237142338,0.7588093487739369,-4.099755961478303,1860.5192439362781,-5.637535643739361,-3.427850589037462,-3.9105427944725117,-3.569642319637996,-7.460434413058769,-4.626968933425688,-5.697576044136383,0.609004045001353,4.181023692899375,-7.239586738119196,-4.17087870935784,-1.28746721337937,-6.4533098193408795,-2.3815729283432634,-6.130894702733879,0.33172616431645885,0.8034339046370064,3.4167485122669214,7508.857039155966,3.1821434515592872,-2.663670121541724,6.495067639728308,-7.627465018323649,0.4514110172554106,-0.4666242638640955,0.08964623797593228,2799.5557519763283,-0.49067412410012334,-0.1854222373087338,-3.255545100686783,-3.3982802332017674,4.825789824009035,1.664127476872609,-0.4721965332172422,8631.618354814882,0.7890248396871543,-4.445524913439202
3372.1996146387482,-3.0177428762367384,1.9868745322774928,-2.770879587788219,-5.957275730397346,4.573739320053711,-1.1677119502230828,2.752060022674864,0.862623958000228,0.5877966610101967,4.118140760403696,-3.0536385233546244,-9.184098159618571,0.278460673547276,3.0792480615825077,-7.886044902992715,5.384428482205419,-3.0083687670255177,-2.603114814778152,-6.811978167025328,-0.604908256499282,-4.734046018546985,1241.5136051105248,-4.951364335830363,-3.5337079797657838,-2.998945006428483,-3.164051749753512,-6.757520974672441,-4.6359120825178675,-6.538441381388831,1.1887847000973866,4.847337325612829,-6.780624307668751,-3.3018772739998923,-0.13077730699426762,-6.477451076298809,-2.4142905210932333,-5.218193282523245,1.5089107420883028,0.6945465421510392,4.5147425194263695,3321.6600563767634,3.7257515212523784,-2.8816251551115477,6.894599184702731,-7.515967375915928,0.004668042759970251,-1.0734811286323573,0.10582705652332063,4759.186076908586,-0.28663869053979996,-0.5405529835903489,-3.183792059488586,-2.811905895289335,5.007614030394153,0.5084528831888887,-1.5159168586735488,14710.111837432143,1.0286760350834616,-4.023520257965263
3990.976582525803,-3.759210796023647,0.5320731417559232,-2.87659209467893,-7.274604315235765,3.5340834260063185,-0.9885529378688368,3.220018042013299,0.934642878661555,0.721889818548867,3.615764954978136,-3.4450711387209814,-8.491153018145575,-0.07872142378260286,2.2920643051638043,-8.469982413839048,4.447829178106796,-2.3231068683518052,-2.6662110698756396,-6.014457314258093,-0.04224222120205154,-4.534059450058068,958.5016659959479,-5.460873660833604,-3.0521290371848777,-2.3489547021045714,-4.005437798913052,-7.921848939206636,-4.436435111492586,-7.115357801836369,1.0947735136465375,4.601646842656581,-7.19331586493874,-3.2465126074968005,-0.7699083345828243,-7.231253100592281,-2.1576479621044697,-5.44401659684131,1.217355635388363,0.406900743418235,4.624149925264932,6379.154998020217,4.523677695495556,-2.361321104082351,7.026193817352107,-7.565717059295582,-0.18848044625679852,-0.46430546604048517,0.19716443162812658,8054.063345330618,-0.03667780761859771,-0.2036579546682899,-3.063419555536906,-3.009646133315857,4.830509600629004,0.3536882685235864,-1.6220011873829654,3937.0778553129167,0.6191797746059423,-4.991542108496035
2236.679491784358,-2.786761984168378,1.6340831207324251,-1.7928399089240605,-7.124887930030643,3.1243912878374966,-0.7502432507676497,3.2279901235436914,0.8497091816532741,0.5038617383505519,4.389790507560373,-3.713353526166857,-9.47522148855833,-0.21556861906690236,3.0916751299375185,-7.104906247246456,4.4548582140147985,-3.1766662401194243,-2.5416042753550268,-6.136613383242688,-0.1865662080900874,-5.1061798919645085,608.8460308025745,-5.968276993228476,-3.9826919641140788,-2.2244526892191283,-3.689797411847251,-7.618458329534986,-4.32182731118091,-5.700577001570779,0.8654373457799183,4.470357552883663,-7.670233226552224,-3.714159832699761,-0.663373017378828,-6.0548442677053,-3.533193727911521,-5.839699778697445,0.34141699797793046,0.6931790844748688,3.647743753182561,5309.248312053756,3.215879915673509,-2.729943640153593,5.8153716590749225,-7.5609397941467975,0.48794046777551514,-1.3093177635810311,0.1851855241212159,5330.289643670015,1.0564720919852983,-0.8432190498924294,-2.9796907626255926,-2.45111850192793,4.65512882082534,1.1031684270008575,0.0612966737111656,16469.65140831808,0.883573761727649,-3.964040287999527
3727.627436894893,-2.844545153314016,2.0612246911627143,-3.3867836508463443,-6.110150265784387,4.615746915710528,-1.6860091046080177,2.3635127656522084,0.8990908877377838,0.7659755081274309,3.763989450115249,-3.111765247806888,-9.172767960117305,-0.23581706123328777,3.017105324670954,-7.529980780121686,5.069035944575497,-3.3427380785893055,-2.594541872513231,-6.974197923994134,0.16140263512945732,-3.619851974270333,938.3095776261546,-4.471732366172982,-3.4403785594470193,-4.038093802734842,-4.287983983461633,-7.199596385201343,-5.244680297616634,-6.64120255350034,0.984541197777082,4.486429291377043,-6.687943883645305,-3.629481146417161,-0.4158213907514816,-6.6471922594121144,-2.322798322791789,-6.398302086201879,0.7595420119174195,0.46368975657807726,3.736659584363781,5789.779655603211,4.180811735481634,-2.8433621369520243,6.286907089376319,-7.634035125318429,-0.6534923780084315,-1.3494722946637387,0.13806940927708264,4052.7420250552505,-0.06517987941788442,-0.7675924699106529,-2.7940347391141747,-3.359383542222959,3.7406401671246066,0.11017537242077213,-0.4418467420811728,15363.315634346403,0.7457333563041436,-4.447198388568503
2366.6304341411196,-2.947462824647716,1.3935393503864701,-1.985245914909744,-5.927836285946854,4.9434653054229845,-0.9447996972743457,2.6142658196637805,0.8302244088738175,0.6827442348135448,3.8061628060528063,-4.396024903642849,-9.36491364857879,-0.15104406563656364,3.6881952152256026,-8.144394466856042,4.647246932851727,-2.1840669250838025,-2.594876164161543,-5.8521716710166665,-0.9304626050776453,-3.9943548281446777,510.1775354973074,-5.167114242297015,-3.454248093837321,-2.7582520038602127,-3.250827954000013,-7.627419689723618,-4.817738278517427,-5.699501580501374,0.9040925927214837,4.393384365362587,-7.679455463828037,-3.2278433765650756,-0.8969112416395755,-6.818181307762265,-3.107589940476703,-5.751510416652842,0.23997936893256966,0.7859193747890526,3.478873543055082,7063.706012804763,4.831392347640121,-2.524627633744686,5.953128005918697,-7.610999074862115,0.8137975651529554,-0.49160560114748697,0.1890997336679233,2890.9534769364036,0.44677995274672017,0.03343282764095108,-3.1309698695568304,-2.349031958282301,4.523208371642058,0.6590004654471479,-0.7144984204073686,15496.708513116273,1.1738888742457867,-4.034919162454101
1250.7974190571852,-2.735775621972515,1.1465801349059408,-2.278885542076002,-6.7646871756130125,4.558507785393637,-0.6956415384397673,2.4346676661402253,1.1161984013006772,0.7124453165389387,5.072271783674183,-3.936427274323168,-8.507008883819681,0.07502617441871855,3.5173610574342087,-7.719668462457437,4.0170075144864255,-3.160487639408088,-2.5562469702374138,-6.606893538075289,0.6065932030431302,-4.768034109884401,1136.0592347651077,-5.696492143585321,-3.521273050478641,-3.242882358828504,-2.956002669277117,-7.182900181602377,-4.596683367794233,-6.049997490283863,1.281461627409935,4.974644964452728,-7.237481922402448,-3.6186660922323237,-0.7914799666345799,-6.731591082413689,-3.588923473680197,-5.2976612584522815,1.3076609689605125,0.6271988531773963,4.550258890374563,4034.9547209939083,4.3009464698390545,-2.6607397620367648,6.731208834175896,-7.700937552511458,0.2683667254174275,-0.5010434555339951,0.15073618735492916,3425.4965394523497,0.7890982899481132,-0.8205403718684383,-2.8034013060073537,-3.600701138588508,4.6383709826029955,0.9091699586654787,-0.40023895289969263,8140.97684720373,1.2524210413263985,-4.388245519441439
3251.6491595179477,-3.683341122159339,0.8398089198151162,-1.9404958121751963,-6.602767475225845,4.4036260373788245,-1.0152352884449343,3.0526246326817037,0.7028827823731703,0.7360792470317963,4.474336990945806,-3.1677114617244486,-9.618050731050442,0.09636028022230983,3.5331178459054153,-8.156489138723021,4.8790357136496985,-2.164100875565679,-2.629486823716538,-6.180019946244219,0.030508738549589076,-4.407421536141267,705.2085882807806,-5.7317632164076935,-3.142813029980967,-3.484589715557615,-3.0287362980912405,-7.318378954238645,-5.570262718167397,-5.587705613228451,1.0835678350663616,5.280940854922061,-7.638031170787658,-3.4003395953611544,-1.254021813999949,-6.3646916439813825,-3.492892550551043,-5.462989149824141,0.8864675047936029,0.48978950127389287,4.479065045825591,6113.203534425043,4.722288196016965,-2.442166227760367,6.954979555554754,-7.470565792782204,-0.2691706221666501,-0.5587079031238726,0.17147775680083502,2622.2642726036684,1.069298071225735,0.27993656149466356,-3.4664099640003743,-3.6542033387620467,4.352271659652116,0.6943749406232604,-1.311155171936528,18271.206821046264,0.6244929013749252,-3.753730175220241
3240.735278952016,-3.2813627910064773,1.2182973477394323,-2.9044083530921374,-6.675505634050641,5.050470682810275,-1.9276950271343245,2.091824473735783,0.6753449667758505,0.6111758177709639,4.734247863332779,-2.976677168971597,-9.060685973292347,1.1924448345213965,3.8494028846249364,-7.54638439725003,5.006292604743129,-2.087993418915799,-2.5216517946033474,-5.700822070048988,-0.017931414873311402,-4.419610073139643,1432.5595864396219,-6.0365729266950945,-3.5598473527497427,-3.6979392965922755,-4.2007025265149345,-5.950477570759253,-5.723024481465851,-7.068945756774477,0.9266765230587465,3.96177740289641,-6.259334930117425,-3.350419383319989,-0.45831854952018036,-6.2628328492598015,-2.345431525314532,-6.563050030323183,0.6789831557082798,0.5136385728973345,5.1040758801291455,6053.884210028721,3.813873746116608,-2.7405892220089187,6.252810013826296,-7.253867159594058,-0.5558604721982233,-1.5846320031181496,0.1191041356477019,6308.205477705734,0.5715856553317432,0.5301309563628054,-3.0970704866908236,-2.4302306820878767,5.180503213059536,1.6371278477265174,-1.2588288574764714,17965.68469532137,0.8956960972461359,-4.225523926416935
3370.4020211508405,-3.1136236097408956,0.535366831757761,-2.0496092173865117,-6.516797041873317,4.263155635262331,-0.6059930401764941,2.855449361720448,0.8551662838987253,0.6496237382596166,3.7623189476574805,-3.238458306174588,-9.428262930464074,0.14142155777000814,3.1083138713906653,-8.297197594562293,5.836098588770357,-2.3257224749188343,-2.684190847313954,-5.692160919863891,-0.9494723322423229,-5.30677232761726,973.6499206867751,-5.155007406478016,-3.3472264932085354,-2.1240688686691898,-3.8509558714341905,-6.885157017797332,-5.157590751756268,-7.028753019078986,1.3264062033472437,4.873975216145149,-7.075800337752466,-3.081493414112023,-0.7341928432351554,-6.964160467265593,-3.606203572630076,-5.71584774560909,0.7358810762884657,0.29086380833074366,3.91685163995953,6263.985547761593,4.327888427748884,-2.5217340274189373,6.484769903614399,-7.704858546950888,0.016977994916508754,-1.1732215867762124,0.12361498731891296,4853.782823736547,0.022603416395528163,-0.22051804744147835,-3.1183131886842603,-3.3613517133345323,4.555795978486501,1.0259256993321002,-1.180691739073478,14417.931718170588,0.8906521995600304,-5.085499316351657
1261.046733207159,-3.0916527610257836,1.774892080280128,-2.2173629488700297,-6.4541524306030915,4.345589732774282,-0.1529771029902621,1.9758849449263056,1.0165566860304003,0.4821486728400231,4.4927736789699475,-3.8176758397701427,-8.841216779413571,-0.3536613819861777,2.7767286701393723,-7.13782568236663,4.388274953375551,-2.8529639838711645,-2.5647858296096673,-6.518663626062221,0.752731093105471,-4.94224128618501,975.6324109899733,-4.802285517358243,-3.340424551674997,-3.6805329885231495,-3.2666243643107147,-7.36683567037716,-4.9055874458257245,-6.437955454797803,0.6554969015862685,4.728667568189839,-6.2620404911574585,-3.3023010451123387,-1.2273957557,-7.1301253134415115,-2.463563658833487,-5.584721557807112,0.704793926293794,-0.00696707057376203,3.728685039753336,7183.8609409394885,3.2893270575563864,-2.5599451799292563,6.694988795110762,-7.585876728907583,0.6073586508055585,-1.0909741500533414,0.13414302490381416,6467.1012932611975,-0.32038079140973635,0.2044911036268453,-3.2927683859152137,-3.0641310961600388,4.445998707066347,1.2740976317052555,-0.8089347647970784,9455.583165805183,0.8743664682737199,-3.8445196159261106
2012.9389137902506,-2.575297739928355,1.379322021786139,-2.5697000597892816,-7.322781962524793,4.242995728860644,-1.710999152508021,3.0700842238416786,0.9263856279711967,0.654778543181597,3.962174996032988,-2.9343491913357744,-9.40942662916277,-0.09048552189489514,2.1630176788885143,-7.120527554396191,4.6688573495294525,-2.618304527386072,-2.524585402511257,-5.385941574872513,-0.18549259031724272,-3.870716785165865,759.8782183259775,-5.875151165893206,-3.478906015330832,-3.010585914996298,-3.9193287074471654,-6.714785369740283,-4.480103962876028,-6.0835644893515815,0.7974053989285775,5.463771406798178,-7.035905806468855,-3.2323967610720303,-0.05073978882633224,-7.092800677935978,-3.503140414932502,-5.1917553326227,1.6771935855093714,0.7252733212706269,4.541461350181007,7405.892789548727,3.3409321635876177,-2.040637026739591,6.551751601750722,-7.678594653943002,0.875830173513295,-0.9918016638694478,0.18688513202790374,4746.010102362179,0.7701944573073565,0.38201427734976323,-2.6477623002006476,-3.151149995096339,3.3141795297588486,1.4224853207780552,-1.5001181481290033,18124.84447070739,0.8922028064737515,-3.7493198601836166
2074.892920831384,-2.9847680884991488,1.3505572094905944,-3.1076590003853823,-6.148955305398146,4.081820353359487,-0.21617397554526077,2.5192714386264545,0.6054115074365041,0.4467977676082662,4.753516300003646,-3.547652490607785,-9.266327895123595,0.03879815372340767,2.1586016054428185,-7.575184399431493,4.170802716015687,-2.8553741203185377,-2.433773276254653,-6.182210551477298,0.3334941059799803,-5.031291299650588,511.5587815777445,-6.155240483887088,-4.1558218378640035,-2.2828019774094863,-3.2903316982788056,-7.030148819835457,-4.895815665722364,-6.4694307412696785,0.7702124972126025,4.701272459435118,-6.561705915997789,-3.333954745963366,-1.2759452819659844,-7.2577040446613115,-2.820243658821199,-5.623304452972774,0.665489578557023,0.7639914861510517,3.158010867969778,6739.978641921065,4.40423582461106,-2.7064724115433068,6.793737741232626,-7.261635676806044,1.094042068139581,-0.5597941980124486,0.18509947146463368,7900.966635517334,-0.2059986140177127,0.22307384391309765,-2.710584852629244,-2.179338564756324,3.543202660573586,0.6284183686857634,-1.1417335834466806,21756.913877604027,0.9402594577292479,-5.211972225063844
1614.9918066273765,-3.3176604679232584,0.6765866037750147,-1.8792533410719245,-5.650899267401961,3.933747199936787,-1.5623758828600818,2.7818254487652125,0.8029184874340793,0.5422793440288554,3.9500478740445857,-4.146209653314555,-8.916601683036543,1.2236482138687046,3.780992346470398,-7.567047031488748,4.796718156907098,-2.848125676738524,-2.517314945291813,-6.1342920140996835,0.24199750018463106,-3.9002389580669843,524.3668461971196,-6.176619049697885,-3.2818530053493227,-4.025644496352077,-3.621192475065084,-6.736101629360136,-5.849580239084233,-6.192818885834924,0.7232553051793542,4.530128721734266,-6.194373232177429,-3.3829018784428806,-0.7800056885477104,-6.7965042059912735,-2.7935921317103007,-5.999669084476415,1.8629288661902825,0.42217370306086677,3.3572093732600026,6544.299512584988,3.726944333598283,-2.8077599299704343,6.549667942030355,-7.432759258756316,0.5075789566020068,-0.8992816381353421,0.18620275820296267,5451.889674805985,0.5147465809071302,0.49015067546404534,-3.3442542846396046,-3.3596021778545757,3.843137047910234,1.5801612301024193,-1.4664197900914617,16809.749769487848,0.8370881252847975,-4.64491527293954
2202.587569249384,-3.4811165475973405,1.4734326982868344,-2.8810847642614394,-5.855456697357703,4.7442832267858215,-0.8725204266894109,2.1953503049387857,0.7089925778519368,0.6964695716392513,4.566004205115027,-3.0569988906686865,-9.112683979609525,1.0866853774567908,3.2712475973829886,-8.337026596998154,4.922891888459159,-2.6906273279782704,-2.5575501369938944,-7.2266447339533215,0.8116944334933901,-4.935391661072659,1635.2834365759843,-5.511491521845408,-3.108210709913535,-2.253747161556992,-3.595976237638715,-7.623977349425244,-4.719929627596283,-5.753229890669947,0.9982944099955262,5.120645476570391,-6.311982104779262,-3.624778352032918,-0.9058741509759617,-6.2815189049431215,-2.5252301667928103,-4.665663012542074,1.284636960716205,0.43322191022278506,4.006571173570355,7748.165731963561,3.460591368828377,-1.9915797897890164,7.203449230315925,-7.442894712885803,1.0249601135292474,-0.25686143651501203,0.0900779235181889,3988.4310438890748,0.1851081257401957,-0.3200864506466691,-3.475153829472724,-3.33945876254347,4.657698729472017,1.0653361997887714,-0.6500300467690769,17805.96127605527,1.0163975370926712,-4.180661284184612
3534.664592953314,-3.781385655324112,2.0061872612338134,-1.8241515374870954,-6.004136177284051,3.771876603528944,-0.7551021018879719,2.8287167666250674,1.059316955103716,0.5693242747261877,4.984096378570293,-3.4249986586754337,-9.223004650693342,0.2802998925681318,3.1552871635114053,-7.9563046957326655,4.447852308223837,-2.1299863825913907,-2.2934928349459653,-6.132079983864118,0.12870374935463824,-4.247268006916434,727.3093555197269,-5.321905496563472,-3.337436067855302,-2.1697818998675427,-3.8232001945279617,-7.224213507409482,-4.271047408399177,-5.453651261780182,1.557241650615343,5.490572801490813,-7.119282015496835,-3.5359053875248727,0.0995881040277867,-6.169722254471353,-2.35832549613569,-5.522092793188325,1.0896224355948945,-0.4004242154512614,3.5950439366737235,1220.3863218093038,3.4174139474650596,-2.798988625756703,6.14498739592823,-7.496204414243629,0.20942121851770457,-1.0686305770110247,0.19913445999736548,8540.058390573146,-0.1608315582012078,0.19455372291918932,-2.811769574513831,-2.5077629378937223,5.107571838265851,1.187867368403053,-1.3828984079059583,20148.382597518525,1.0319173888527453,-4.701873855075111
2996.0623263895704,-3.52972975490471,0.6282309196373367,-2.6676319386691003,-6.544945604745564,4.377892602645919,-0.5834684979412847,2.943034814614941,0.9661435878864213,0.511088971756045,4.149749624978067,-3.4408427490799394,-9.417565482025125,0.3517415040619843,3.3643265160478397,-7.669950879194108,4.567681323279952,-2.570211354411507,-2.4901789169644575,-6.970163670034114,0.5106254367786498,-4.726403751221565,1058.680164062038,-5.858693676930342,-3.3873848972734852,-2.7958904972280476,-3.173248822175838,-7.076818512996997,-4.834253020569717,-6.792116541952722,1.0371340481923244,4.0699130759101045,-7.38197338603334,-2.85442539294645,-0.36364903833235984,-7.493027939622982,-2.5731342691274546,-5.734339635876431,1.2446262228280691,1.4624048945226558,3.7233919442787657,6945.907054824367,4.681181027990737,-2.492202954615163,6.5107367850862605,-7.685030189295674,-0.1899604613489254,-1.0312081266830244,0.1485055497827985,6499.046027539719,0.9767901402122114,0.2673046624219022,-3.165843652555431,-2.230273169756495,4.186779153090506,0.8085709872462248,-1.2322913511411226,17399.45848942667,0.6893425354206728,-4.640478530391977
2394.187666579607,-3.3177604411429056,1.0683056713455499,-2.2921062862842994,-6.877326479156239,4.9107214603060045,-0.9683991339514082,2.9738108465618422,0.6732639004120982,0.5856049932913165,4.173442359450842,-3.8159633474178247,-9.144921246965989,-0.08193087207092073,2.6552068966208475,-7.383750306129163,5.358566233402443,-2.5520977767833553,-2.415822832425225,-5.506087200530146,-0.14302090302575315,-4.4712407827437595,618.9877929864663,-5.102243660161849,-3.259959781628346,-3.95461693290774,-3.2288994890386076,-6.549333589579692,-5.200892387284218,-5.500094192994408,1.0456192510616118,5.3451468846569945,-6.764860844385603,-2.664263869955815,-1.0806858403426782,-5.971029248784305,-2.510836538164883,-5.455560516622496,0.42186759444483085,0.8283830753342397,3.916850229098361,4924.487421856368,3.6697255164043865,-2.759116524753043,6.596489038945649,-7.424062589807389,0.40159194153716127,0.029580824470075512,0.1903815578998951,4120.846184210129,0.8080975828142907,0.3564947327704311,-3.434126857548158,-3.0271754051681334,3.46398679203244,0.30398951182859424,-0.8017420187139784,21369.16078894076,1.2161659689587168,-4.868506491957464
2116.1908123941776,-3.1851332416951403,0.8789989969187253,-1.9955668098053094,-6.329065283920174,4.870674839341714,-0.29509459667119553,2.5972885076927303,0.8153499306017007,0.5740557477981907,3.643662823171968,-3.3994057115660654,-9.445049079064793,-0.3314074444651119,3.7841343295407914,-7.719431049421508,5.074531029617076,-2.4016327472104573,-2.6639549398781064,-6.268427547960569,-0.7030182789681658,-4.918158554672382,1684.6330630983668,-5.417194499455375,-3.430077133825325,-3.968702410327195,-2.6554833940873963,-7.097945893653347,-5.006114264468083,-6.878063380036733,0.48184890149295234,4.674372014536458,-7.798315711701924,-3.7235714625959835,-0.5951355527575929,-6.718175710547143,-3.6039375964251086,-6.086035022999308,0.28520560816874163,0.8702204832465568,4.2366606898503525,8124.244444931386,3.7165475437464046,-2.315339713811452,5.722980083858862,-7.649304793305863,0.25446529312136673,-0.7469729799433036,0.10721334946576563,6780.0280746678,0.41544763709436927,0.2917118721356529,-2.9806026780084713,-2.3604281772283646,4.1847252484911195,1.7126595702075236,-0.6361394022050172,14515.22699542019,0.8338172220208939,-5.235110413851982
954.8589085982335,-3.268961290862485,1.0233827359386716,-2.4099754318966373,-5.748581046869188,3.8911417559407617,-0.6670380760586218,2.101127152754765,0.6654221967186507,0.5049907393106781,4.010280265358148,-3.2310456998904935,-9.005302784438358,0.36920217204842176,3.3177699379330305,-7.850542806263885,5.491034116803259,-2.5342646155326434,-2.467866001671857,-6.929796700974565,0.1307384501608427,-4.473117720613283,916.2133561150456,-6.216850851730557,-3.9964486272151847,-3.2428360911460294,-3.566621962019293,-7.328144738048513,-5.188543342196474,-6.695819619549973,0.7768786576378559,5.608173075963458,-6.7499926419655365,-2.5449230655586046,-1.7565840619690918,-5.925253720901798,-3.873369816847329,-5.54240705936201,0.00641813672234152,1.4284302378574931,5.124653176995992,5025.758194509671,3.4194360152696666,-3.0369223001702936,6.492079438011279,-7.441247207825726,0.6121833699024604,-0.17110367760513362,0.1641021683014352,6526.415273257945,0.5853467680775866,-0.25698662513107645,-3.0520945783776705,-3.0313138886583753,4.475344176738093,0.602865695131311,-1.4328570639998794,20649.711451782307,1.1773435835835695,-4.823462371936612
3466.8584299634254,-3.3872201657181096,1.8531735842286583,-2.2314304583734805,-5.95596313463348,4.148768247097444,-0.4597086981980185,2.471835792950336,0.7926709603905282,0.5520629319565329,3.8891568991408794,-3.7170083529461015,-9.22800662248556,-0.42278870254377143,2.843880846665227,-7.167261165231215,3.9991248066594673,-2.23189941279152,-2.6007006181679313,-7.088849768721469,0.21451568053325393,-4.9711101462079075,894.5744974413743,-5.164949840511504,-3.435110300671875,-3.239653512041185,-3.4648498058607595,-6.867210321431931,-5.610068708715314,-6.508702857832656,0.8940253715942064,4.653869926018151,-7.545331904318084,-2.9163126170477933,-0.7348186394817977,-6.213516166206956,-3.142099637481147,-5.836166774812236,0.4853172876345452,0.805739278650543,3.906177713258809,6523.499717973655,4.169505365140378,-2.61291802341624,6.309892446188726,-7.565615716583429,0.4857305474118906,-1.2127617051317392,0.14614703317423805,6067.680288550759,0.2353107654617873,0.3662635439829999,-3.290669546207101,-2.6865699137334023,4.129352238093645,1.4994785655322662,-0.18613979908563477,15775.433165945286,0.8724964575031402,-4.547683197984194
3105.372051200655,-3.7070967811979263,0.9545210774731633,-2.655002879829779,-6.4462227339070095,4.075028490526089,-0.43086033515892935,3.405184060532475,0.7188961161216668,0.35308213630727,3.4724910064477448,-3.506511685003774,-8.980850540259157,-0.2649789232542301,2.8765267493602793,-7.364844896383379,4.271913501563998,-1.8354984706677804,-2.520862854579429,-6.607834047184454,-0.5025703347710074,-4.388283327197492,648.1059993247918,-5.648767240852366,-3.8279647255575706,-3.714505266915495,-2.765164359828727,-7.599023590912006,-4.487234730174873,-6.1292736058008135,0.8141741772439334,4.220038007370193,-7.213201911877089,-2.202452871262677,-0.24135308660597465,-7.182822109022933,-2.1620845176616963,-4.878805981807937,1.4851621018597143,0.8679426849980338,3.909173978422037,6943.514738514117,3.3363002640971904,-2.626000221345902,6.991467774165438,-7.4458684620389635,0.6382352473750156,-0.2822165738981672,0.14628931596719708,9853.02821243341,-0.3272743632497678,-0.8186043577596077,-3.2388672378328724,-2.273645452085434,3.8865878030487404,0.829860902896984,-0.21208244392689338,17322.96564605291,1.1099379132379872,-4.795087214543522
1063.9702451099058,-3.3529901665338597,0.8272807920467479,-1.9894474753104268,-7.392606018303202,3.594846243516459,0.005035155940918717,3.0244511083544223,0.7676005568799308,0.7002707629801553,3.9610338820999575,-3.3586872402499317,-8.892780598693827,0.6847381317527784,3.2721094505373154,-6.956307071966693,5.559967509059835,-2.2445787835530813,-2.4605537186086814,-6.56653004270563,-0.6340717904302406,-3.7035367270533253,692.7795626753685,-6.1299309356829,-3.251575394071352,-2.6027713820828606,-3.097055511922336,-7.201948455140869,-4.573118805354201,-6.5153527581311925,1.012997193087102,4.708612701856945,-7.242240365132099,-3.098643623549924,-0.7903135169462326,-6.45703242862676,-3.416995870619547,-5.0721928291005955,0.4333869869705505,0.05721174705732784,4.158860051195032,5175.232050129152,4.434117755762755,-2.7365977049292214,5.892592239680468,-7.481169882962166,1.131818622013184,-0.8753196918281027,0.17912627236592604,4179.373116453166,-0.08631617734230672,0.23231307870968715,-3.1888075664969584,-3.1022223058925333,4.477045021705154,1.3331560993300813,-0.5925852833985311,18135.8951861761,1.18914461140111,-4.8418835153629844
2476.6718769612935,-2.859896425978498,0.819970774419757,-1.8031787224597293,-5.532720035102685,5.0097029980718535,-1.965117693917517,2.0868206914857224,1.0456055931988413,0.4998970379212088,4.213529200414578,-3.2770890726373283,-9.517194851250744,0.4364122243918685,2.599591243689299,-8.06361356360768,3.992684012520707,-2.6785398788031167,-2.5578031398162757,-6.141071854040309,-0.18456099311112126,-5.4359679484456205,1558.7159048199205,-5.359897281800452,-3.622781622368252,-3.850778376948207,-2.576655462508687,-7.7667855902458935,-5.958936323123552,-6.817709917532697,0.7077111880045097,5.33099368786974,-7.936579947950927,-3.6671053243869953,-0.40062202652354284,-6.277509425460628,-2.581567130263475,-6.294907311078633,0.34998230245097894,-0.18221803030887196,3.9494487822936613,8641.506067583714,3.609022019094568,-2.453423103009967,5.483893428092657,-7.812276217776028,-0.22364976325056884,-0.2149527009028434,0.14495734716702852,9569.341852889564,0.1829618716090312,0.21479705844679375,-2.5299442467162327,-3.1762000076215005,3.4054772357494727,1.482252516319015,-1.540207977088705,17406.813028143388,0.5571660046021478,-5.183264774415536
3195.893375520964,-2.5248396646966285,0.9205519435247178,-2.02642862847697,-6.610465838357176,4.150525379771422,-0.7873674681891967,2.378021757633963,0.9035739066606836,0.6993524234608983,5.170019034619834,-3.247074684682474,-9.333470490484153,-0.2914386291734333,3.3104321400207493,-8.556199912189953,4.907833225249747,-3.497463653446026,-2.5828972191341544,-6.836985564196597,0.6983653805057175,-4.734367468472432,1598.8967366228921,-5.249521359730865,-3.8163625661295972,-2.7123897965804393,-3.0393070419909525,-6.354939751110275,-5.782037607983805,-7.127928387913408,1.062215014581033,4.167954591848056,-6.939572887126697,-3.943502045659348,-0.614143068717805,-6.2594066118622695,-2.264280368091381,-6.569744438476397,1.4010298959069252,1.3251867494743022,4.01619827119715,6695.9155791341855,3.9560049972683453,-2.3197991067091923,7.230829304507956,-7.6554668625551905,0.20472406206419402,-0.5292367652174824,0.08632978877614941,741.2279376297568,1.2989177296308667,0.09023613997996233,-2.981130252670422,-3.1382922151561443,4.746459158843368,1.5389062591849645,-1.3231128068436844,16169.317188600206,1.056126696803272,-4.356399007807824
2496.921201860972,-3.23469249842898,0.5968615648833273,-2.0487066049357368,-6.83564687313407,4.824462889610179,-1.376692054299833,2.916430464753522,0.6566495951868165,0.6697974264372484,3.7977322477723683,-3.770643137380033,-9.669543352073957,-0.04097550795055546,2.528145330995872,-7.5008915371711335,5.084906995912474,-2.7720877157232784,-2.4185242496071857,-7.021751918327547,0.9175945143973484,-4.898056978632727,1242.3029710904887,-4.993211229218369,-3.3037289640117455,-3.8339164551371825,-3.2213705697079007,-6.97711307424961,-5.679145022765391,-5.885176317642358,1.0483783076139754,5.380804406738868,-6.183939075242019,-2.9763334079016888,-0.8197150716441627,-6.500732549699264,-2.951756092405266,-5.8784673990852605,0.7210475330054714,0.7286475825877752,3.8327080015207216,8019.959709743666,3.552132950421456,-2.398544469724045,6.647680880604497,-7.330306343645336,-0.1873345816207987,-0.867780614512802,0.12605447424957672,3996.9603489848178,-0.46627738162966337,-0.5980766861776776,-3.3138952396979384,-2.6864436084007126,3.5837912369693097,0.08167787855226438,-1.3559543964304999,22907.665723448725,1.0653735170096517,-3.842950018618714
3551.4190095900935,-2.5208739687802186,2.073043956396947,-2.76200236140989,-5.647541160892455,3.660268511400314,-1.3145458096444305,1.7854986352179119,0.8450708497145564,0.5217655730070141,3.347733984250961,-2.876918810515251,-8.707475562819878,0.41217108124057267,2.3711036110883255,-7.161273609382393,5.596433956392557,-2.2580891658241997,-2.742675779315671,-7.319068440502451,-0.4275823149338639,-4.960689756489438,992.2765712987036,-5.846425720597292,-3.5563925761475836,-2.551422825623709,-2.7787439026979635,-6.281385172759403,-4.545310592193249,-6.2551653293103735,0.9255591363391605,4.455765777756683,-7.044749278182027,-2.8371123621891217,-0.9466282345289341,-6.768435019866292,-2.7782329802875627,-6.585635951673124,0.5959560447008769,0.7869342376405912,3.6367530357848605,8029.97153610961,4.428709033973049,-2.0100973336152173,6.656755592140032,-7.61290313008379,-0.7126795359736178,-0.9978256196218616,0.13475936882507636,5988.883403304824,0.07014680854788148,-0.7396327524395008,-3.215772978652851,-2.163895637470135,4.5058987309097684,1.0830400273037226,-0.5672260005489095,8469.46665484252,0.7775449361635509,-4.446489404637207
4285.536328807916,-3.561095751426603,1.6888546179855162,-1.664807499277788,-7.10998852840737,4.787291667112205,-1.4797398859997721,2.235114103816784,0.8073281491837956,0.48523942985575336,4.0767665969197795,-2.944951482662839,-9.259352917014386,0.3843461907207674,2.2721902657878372,-7.983974164411902,5.023645681442954,-2.7961705395746934,-2.6316804448720372,-6.02670631048151,0.87715753718105,-4.738064528188499,1627.067280921557,-6.30852054092501,-3.3217741331147628,-3.818587477375138,-3.9734468809871575,-6.639633619722027,-5.628717604330207,-5.517493390599563,0.7982500790520028,3.723567348768325,-7.815515741976218,-3.3714521672612774,0.06281585910789292,-5.8793886816162635,-3.4453801390242003,-5.9510084049467356,0.8680432576050328,0.2364422785337912,4.713263512031162,4805.0641169806895,4.098048503902797,-3.151802446321047,5.983160032947965,-7.638069577797078,-0.7627369862268314,-1.6702442066788608,0.1071275481867604,7591.088813050709,0.9404182261193308,-0.17171590972279252,-3.1161968065241687,-3.068517194602679,4.20833804958617,1.4873552620123938,-0.5157267598103619,15816.987295579238,0.8548081716092819,-4.5041442719700635
2121.664935569414,-2.773586786188272,0.7269826654264517,-3.196878167903846,-6.0979267070678285,4.828664113244755,-1.1852161354927573,3.2582292134501034,0.7808771347981421,0.6443621251744216,4.583859015986449,-3.3802176366728327,-8.8528121535856,-0.3364486410908462,2.0709702510809853,-8.142890753649088,4.514690024497801,-2.3175581529427682,-2.5530990614438314,-7.363100371917727,0.4557439233434168,-4.264484256575151,524.2492906506617,-4.765661517238686,-3.627420704741937,-2.8509212938799324,-3.4008074975611207,-6.866078090821664,-5.330613426520684,-6.5417507366101,0.7863088064400638,4.119312229065598,-7.516019717110481,-3.0955014328173487,-1.511110836184682,-7.3263055171668725,-2.6731312918117567,-6.146722122430107,0.6180613385079177,0.2619427059311709,4.166359372906302,6675.08617847704,3.909475694051984,-2.6024233514398447,7.048675354605043,-7.4974258635188,-0.08165111981149417,-1.187826840639131,0.1798415519932696,4651.600497919918,1.1225006569589593,0.08598834694791485,-2.8214110041821168,-3.577835122165036,3.7267600882601233,0.26531093073565704,-1.2154428660351326,15383.512393565263,0.9866331222583888,-4.8120882463887185
3634.9632216043733,-2.518135126084659,1.517826049676116,-2.049937662939983,-6.141918029717089,4.154651607797172,-0.7666546154048925,2.9105933907477803,0.9070449738556065,0.5643856571977278,4.069438416659606,-2.9380970440696794,-9.03498672417133,0.5687727435833685,2.790050940584865,-8.167314351997398,4.8426756156753195,-2.771360256566123,-2.479302591930637,-6.648774592526971,-0.13313127819061532,-4.192892059268566,925.7139522375451,-6.266500370644716,-4.029427175944975,-2.6574999515647386,-3.7475833772721745,-6.976585029843125,-4.569688367785985,-6.477579452446557,1.0041336612773455,4.887692822724724,-7.743648113993177,-3.5239172476004885,-0.5937495057870694,-7.330089706645425,-2.7958788757781283,-6.180285084213678,0.7390787184679315,-0.04318238386372439,4.766635598433277,6540.645738177643,4.32586307981604,-2.6025035883848275,6.4185638762631605,-7.597488100740479,0.6262039899544681,-0.8293227782653169,0.1857715406140609,3701.174100050093,0.63684310832633,-0.24294602998438958,-2.829406548878367,-2.830934425582327,4.644508242386431,1.3613868347919595,-0.22021436368832947,17881.682677705317,0.9273060649840423,-4.330652229491567
3482.8235204915536,-2.4921291483456955,2.181039482683704,-2.607928206250874,-6.273304524468373,4.52412758672339,-1.909260682251743,2.3656253693176312,0.5273502986240168,0.6834496463757442,3.643576982448557,-3.1442344747789535,-9.073567501052137,-0.1467269071018371,2.9968974030732354,-8.440373360866971,4.9497604606225565,-3.3177144108560777,-2.5625307633806345,-5.847047069454927,0.275209667578648,-4.908065422034237,779.2176415240306,-6.08769035458885,-3.6783849763419845,-3.053118250368372,-3.579644411093477,-7.62709886761727,-5.841105061391988,-6.362600291531233,0.7007657011869688,4.923855896780434,-6.666812966643705,-3.013575695420786,-0.022083543411539813,-6.624982185156734,-2.5526838564760475,-6.322625626376727,0.40717717511776885,-0.03111943499739614,4.231237225817404,7664.743347002911,3.8259898854820578,-2.481281973559299,5.742478464717573,-7.258845882923995,-0.18347236079282703,-0.28695988349845536,0.1907034581286229,4884.321269999044,0.390162286039087,-0.7646289456242649,-2.565616299185977,-2.598935697096195,4.608009743998167,0.9392091288343931,-0.6847717488765689,19249.72136810529,0.9220977261940065,-4.371907988345815
2766.601244216804,-3.5263039709884287,0.3806578169356755,-2.8520111660240204,-6.621651197038688,4.314350945746114,-0.1584417248026252,3.7575265051791202,0.8827077708979929,0.5106032548137659,4.424296104735503,-3.8672897201797154,-9.00195198789587,-0.39251317573195305,2.1086339908567067,-8.059861206139345,5.190039343421166,-3.3463675710857688,-2.2653145048275896,-6.504986993278969,0.23014063951334593,-4.3472615482158155,1151.4417161029132,-5.7863163957414665,-3.120027712781465,-3.543597434742889,-3.5171164647805018,-6.838391579496113,-5.3120236373272665,-6.026898640280806,0.7332096107119019,5.36953167345103,-7.472710803085601,-3.375074523735648,-0.12771455801095166,-7.0947107439711425,-3.6209164538452066,-6.106791522713811,1.6871903158586208,0.12130938278218688,4.015384062942728,5332.272666424257,4.289927430448026,-2.8027292636897125,6.823249889535428,-7.358788281686694,0.8765935464824328,-0.2702834374855121,0.16915978384952401,6714.157394284298,1.2385442356947138,-0.7588744998594334,-3.415170629769908,-3.364831856784633,4.624714530542031,1.26687852345335,-1.0972311999064785,19019.53285750224,0.7617950932890042,-5.376062025019544
227.21636208033993,-2.7022536945643196,0.8826593723948954,-2.949108625883579,-7.185675308574272,4.690428175216722,-0.98794086069067,2.3682973911863097,0.8894417165222157,0.7667506652148562,4.132540716721277,-3.0764226389877463,-8.854356276340258,0.5148614064593909,2.9102750598823497,-8.268050572164555,4.514709173905824,-3.5196455860187235,-2.421491222740109,-6.260579079655631,0.2437736694402003,-5.166241994433648,816.702334878188,-5.876781543574203,-3.6115933755413616,-3.1241090447341686,-3.7450138164505824,-7.764626917679797,-4.375928348482427,-5.42415643013059,0.9966123974871538,5.2771197517444195,-7.834900718168821,-3.7200124895128925,-1.3052033287930098,-7.312147397225632,-2.7348708036504217,-5.220783378109638,1.2723155558352508,0.7494648314994611,3.1751695987650206,6476.243997100765,4.290460206023362,-2.5376256116204843,6.783195534704242,-7.659046118899255,0.12547039444137204,-0.07558624259825575,0.1638866498127762,342.99101146554193,0.15588459824299583,0.19479530922926092,-3.0140051011167817,-3.56070342406289,3.279533854361707,0.8149679779869148,-1.6125570973014178,20143.09116245017,0.7559855551387421,-4.110156099408928
2750.375384785265,-2.93289273749127,1.322022737890762,-2.2814010810384664,-6.195831551007513,4.145253304048614,-0.9926520478466878,2.888617069167734,0.8174087890332815,0.537596962420719,3.5474420016303627,-3.289554588712507,-9.229686602612912,0.9387006866576867,3.2854394326322383,-7.568858423760276,4.57309131901449,-3.1489315530140236,-2.5794447322399354,-6.713543214714466,0.4480190046260062,-4.787443201035188,1071.6067913872548,-5.828969650516742,-3.688793940877245,-3.507390306972086,-3.177498344673447,-7.139234601910818,-4.238258484758723,-6.313674213210777,0.6454852083053608,4.131642736047968,-6.184230856420083,-3.478856188514013,-0.9802399955693225,-6.902533643895099,-2.6569962370993645,-5.107641996388274,0.28187773434521596,0.42372714016107005,3.923734939033453,7564.846450061264,3.5601696913743015,-2.4781354256895596,6.23994796998877,-7.620285324249918,0.29689697513574914,0.17968106204868217,0.1774945135403299,4761.42891062457,0.03141062392276428,-0.5103353160528453,-3.0267374970242873,-3.163471378071388,4.411184555212286,1.2113209162769394,0.09382891968708595,16071.909998208663,1.3376489204166138,-3.730539165298451
1966.1930971491156,-3.1434167539981233,1.6656173075765286,-3.325809159010029,-6.300557525332072,4.280362221655459,-1.2361551158325212,2.7903460850394497,0.8450543807024132,0.48670855390899875,3.725283287444666,-4.134257302011346,-8.992320114088933,-0.10237308469562881,2.868113374441551,-7.2016854009598,5.058353970709226,-2.9022716845041017,-2.53592952487724,-6.6470066800829954,-0.34946074820803086,-4.689068453005674,1440.1871688426638,-5.756802230671308,-3.944110368880195,-2.8018402176114763,-3.0890905283326457,-6.218270605053075,-4.9762718037061715,-6.534189741802416,0.7258893582812755,4.596423206682671,-7.728548103856655,-4.057031247663008,-0.8090414849955281,-7.650987803121116,-3.4536445865510195,-6.37290173873879,1.049323780541727,-0.3536904991314077,3.673127930305514,5355.83963029099,4.137366800117868,-2.976229542982592,6.768451166263681,-7.591702864331771,0.7781627400569594,-0.6198038830538446,0.15601436625378146,8826.378830702175,0.5963598334906739,-0.8173425614668413,-2.738210974384077,-3.665409591633653,3.735063368737164,0.6817938926242864,-0.9253407734201818,15988.149066193222,1.167379601529357,-4.884480196986995
3716.206600087966,-3.434874027852289,2.1670528384429733,-2.088730852104955,-6.616009400441556,3.3521086278450523,-0.6177145156391133,2.727727318691829,0.8365107323070322,0.6245914074931842,4.890624642853308,-3.436145634749865,-8.91563994922098,-0.03699681587573953,3.7062519926502535,-8.437699059898675,5.520625644233149,-2.423205475123502,-2.6323572857924527,-5.721669300631662,-0.4259192205143089,-4.566344336574328,1904.544245855599,-5.906198404015002,-3.281214262830661,-2.8074508295353255,-2.8178578371116645,-7.476815537983158,-4.773556186470646,-5.782748525308818,0.945967287086342,4.6398825259596785,-7.641520597278414,-2.6392282797831643,-0.9670573906747597,-6.166300498074711,-4.029742802073331,-6.081000287573486,0.3950523230601593,0.6975624521735209,4.292898113737809,5348.167998283925,4.387719263708233,-2.8847300331768078,6.367425590048303,-7.544483176791335,0.3646904951235669,-0.7719228953456001,0.07820766871185802,3468.6944603721176,-0.24123819671446523,-0.3120313345626889,-3.784035219472541,-3.0095804338001404,4.603525865064968,1.127344161483352,-0.018377117475963933,11910.628228140116,0.8162343391819475,-4.295592761874369
3845.0351688829323,-3.045012224664411,1.7429734818940819,-3.3632466562949737,-6.758476608754453,4.326147279467277,-1.1683896486492222,3.4651084353603614,0.828838747520793,0.6479608169170314,4.066756627967787,-3.15314185242899,-9.01097832481121,0.32091800200474424,2.5428969874301286,-8.489506614235252,5.21677857806922,-2.843886263709855,-2.650940596442651,-6.031058819051659,-0.1137527399914614,-4.667196091427371,1517.8339969756003,-5.061130847523193,-3.2331760390862767,-3.2281245713269255,-2.9357423885562515,-6.707238523037034,-5.898085909543869,-7.020173434010786,0.8030262499446903,4.149531011263497,-7.818248387889666,-3.393256165477155,-0.5445018012653529,-7.491451535554604,-2.204324938346812,-5.709038730345413,0.9553895435877854,1.163773389156971,4.6065679111291615,7352.720841971213,4.211821354555348,-2.5775163389460922,6.591729048710279,-7.566259007319326,-0.1211849585651544,-1.2087470545247538,0.08866398930974632,5122.224216606395,-0.5100177006050111,0.4083196329167622,-3.306776930415466,-3.7261348605762574,4.262554243065972,0.8652622440595364,-0.8720935520682048,13362.549144960729,0.8594283408012311,-4.642647992059549
4399.8735508582595,-3.5924619221708554,0.36913397765612904,-1.9624466560009295,-6.295362847267757,4.087723631186198,-1.5946121270904716,3.0900067778676354,0.9361884722631264,0.6297700034028738,4.079449491905622,-4.54380376865878,-9.501327288925133,-0.47734251186581095,2.7982988117498278,-7.601230235142045,4.872946684325617,-1.914028182163686,-2.2455468182298404,-6.26627166919025,-0.3568175179060851,-4.206827445462549,912.4865101417837,-6.402983992298762,-3.236259879503634,-2.557366531830937,-2.560609901407588,-6.925125685365093,-4.20731142130813,-6.002565361757136,1.174066441211886,3.705856308438078,-6.445998038305231,-2.9505141854142742,0.06619698306063121,-7.015737029343742,-2.880020687750889,-5.811653891074161,0.6479378864406493,0.6002322434938713,4.830794975907943,3266.6224522681055,3.1723040438195356,-3.0123831333377358,5.5368206126939405,-7.38172519564549,0.8299148722067528,-0.47127041435183137,0.1888448961944195,2193.4765927301146,1.017769543613419,-0.7556035509002872,-4.0085593160666395,-3.569977190955064,3.837115202977902,1.6742393680549217,-0.8337988117016105,18745.55297091201,0.5419151990971021,-5.184468026949363
2361.891069634204,-2.786263089382691,1.492406528945632,-2.6780165807977516,-6.247953155088738,4.726658397280842,-1.4261485274568844,2.3255202902935315,0.9354499527924558,0.6527008062866888,4.291874858636711,-3.270370746327346,-8.460740237447869,-0.17467307838563476,3.0200247016887047,-7.892320566457093,4.677388016827172,-3.314354464746679,-2.577850258174188,-5.730096627922286,0.022636711854048197,-4.4465219864044006,530.8490497537615,-5.9513912741105335,-3.6313498715162256,-3.206531981168342,-3.6057117164507164,-7.100488578190555,-4.329710814836195,-6.176967364016218,0.6257136346240132,4.753731143978204,-6.829200457031462,-3.7843187802415312,-1.3697373433408202,-7.505535044141602,-2.9757624958048057,-6.468455202389736,0.354985016169467,0.500122577278456,5.020401741962714,7507.706577370226,3.2633697720545167,-2.699997006355789,6.655964259780699,-7.5178692681018155,0.3409662019325724,-0.442559489752774,0.17150759694080944,4117.819074247784,0.078432933412527,-0.4239817974602349,-2.85940022563742,-3.825097318770841,4.892685231496063,1.4971925985189285,0.044611940524193636,8084.22667880093,1.0645108162004342,-5.113398711046157
2583.0271738037904,-3.548844347210476,2.1237677205159247,-2.00389377221443,-7.317109830765531,3.904842475333982,-0.9672458406126704,3.391849651049133,0.8275141175110553,0.7653735863611159,4.638593002071302,-4.137780652556402,-9.365186089164839,0.7832147308117019,3.6309217605416264,-7.897466544448173,4.491044060625136,-2.4108977102300395,-2.7112060008106527,-6.440401647785773,0.12522181359852702,-4.755474638338643,1512.4176205378606,-5.4122306754591145,-3.2095328100204648,-2.569743899973495,-4.03122554480926,-7.193508399844494,-5.615978594107316,-5.766414384191306,0.6028819286727158,5.109340023879161,-6.3690318366127405,-3.3921623294421646,-0.7864497001609568,-7.657846941799099,-2.228599539444475,-5.580975270909332,0.959544745479986,0.04235692327897497,4.752189608143385,6170.072260970907,4.154650239625211,-2.9376188309714912,6.369037164867707,-7.646885033607069,0.06616654922475279,-1.1735875480996605,0.08056247140422515,2707.1782526942197,-0.15928575708575998,0.5009307368470749,-3.445394845669413,-2.162920777767631,5.130498912259051,1.3038242219358516,-0.2552049782472429,13158.696721209715,1.030030297492737,-4.473338901207386
266.6071223780364,-3.242250465871357,0.9420132500917923,-1.9446058288315617,-5.924141862386638,3.821618202383939,-0.5363272712298672,2.735320815104879,0.9697730408232558,0.5741946625625018,3.896239102768082,-3.7604242936236827,-9.643868843001759,1.0829153636151134,3.056254109145798,-7.2516944633822655,5.226243130728659,-2.4453694467889675,-2.5038260752819594,-6.284422468159131,0.8891466388875249,-4.503141485504557,1046.9084974248265,-5.697802025052978,-3.4689521607645943,-2.8148925474307314,-3.699438294275071,-7.194861986827722,-4.621308901346384,-6.542396398033792,0.8814492504199124,3.76064944828947,-6.571869280070931,-3.471781658276057,-0.9809659517923808,-7.322047567999039,-2.6292431104715126,-5.590356869928724,1.7197053272350926,-0.26766294803303364,3.1640915898350457,7582.989934666961,4.037246811783238,-2.385138354908283,6.8165985415619526,-7.6727939625631585,0.7664425694334448,-0.5787156598389217,0.1269807784989501,5132.81463632929,0.1548803706115749,0.4074753471380124,-3.2021595690838036,-2.5328380266369264,4.137921304457264,1.1884926255452735,-0.3538457748040656,18744.315764861494,0.9504964530936473,-4.9593193298509695
2736.365131584178,-3.482336462999391,0.8514855457135749,-1.8667889332866152,-5.87057807880122,4.605292726733558,-0.5504243750616032,3.538039151258345,0.8114778139122112,0.7400408098116731,4.669225142484785,-3.690956815936067,-8.672349567220099,-0.18450846318228578,3.5363410668743303,-7.90287042424944,4.688834894764691,-2.6678224919515423,-2.5428318383610327,-5.880830491366655,0.8924697980577884,-4.640972352139164,911.8041010829762,-5.664348582086056,-3.2048553770887036,-3.829257329844954,-3.978402863940913,-7.644240232324003,-5.6331834041485305,-6.94903303136251,0.7555597406146934,5.33619315276715,-7.5834537597413805,-3.4218854958370315,-0.6850867639937368,-5.8351815978265185,-3.4175575371541878,-6.243553291823951,0.9223738572498189,0.5172229628636891,3.914636553816619,6643.425561268857,3.8397260573612497,-2.7857073688149505,6.610399875407125,-7.501567000314805,0.037205046439572426,-0.4707949075994796,0.12683934754679668,3674.703606288328,0.8521870923254946,0.052074175163332875,-3.694017311544839,-3.3507207134221644,3.825033103586473,0.868252869312185,-0.6880728699386657,13507.014660317946,0.9073862489678921,-4.895255678068826
1885.1699610047538,-3.5242361241207356,1.321575352060818,-2.3580332101118864,-5.548731047129739,3.8851884018150065,-0.811584497178911,3.290723444397994,0.8415987875954013,0.4585787445514596,3.68071692497115,-4.487845511187482,-9.414087927417683,0.8274452877695958,3.0530455215388788,-8.254941308418433,4.333303514017684,-3.1354038688932313,-2.4325342163609167,-6.001110316935758,-0.6584421146287235,-4.673764232178437,905.2760815548281,-5.875339320513661,-3.249998694218228,-3.769816839333411,-3.143128953463721,-6.6729158190854,-4.421390080674442,-5.543305690487,1.2801289145933676,3.966167209846161,-6.107671208531855,-4.096900495274565,-1.5726423436391666,-6.310306720446422,-2.411438912006156,-5.928590316103745,0.40171222965460696,0.45773204810074525,4.678000957073937,4975.140052382152,4.304028362341665,-2.5405631662485866,6.024239445059092,-7.474682204333542,-0.13271284100905206,-0.8035207059470486,0.15513507241611407,8268.347651357246,0.2227045584551744,-0.5232656530083957,-3.1650208199923213,-2.826760570524723,4.2689821811735085,0.05706904782478526,0.02677696612191885,18365.763992882486,0.9891762696269452,-4.534424089215258
